IdGara,Numero,IdCampionato,Campionato,LivelloCampionato,GiornoSettimana,Data,Ora,IdCampoDiGioco,CampoDiGioco,IdSquadraA,SquadraA,IdSquadraB,SquadraB,RuoliDaDesignare,EsperienzaTotaleRichiesta
269549,7,29,A1M,1000,Sab,2021-09-25,20:00,420,"PALABARBUTO - NAPOLI (NAPOLI)",719,"S.S. NAPOLIBASKET S.S.D.R.L.",272,"PALL.OLIMPIA MILANO SSRL","1° Arbitro,2° Arbitro,3° Arbitro",200
269513,3,29,A1M,1000,Dom,2021-09-26,17:00,377,"PALARUBINI - ALLIANZ DOME - TRIESTE (TRIESTE)",520,"PALLACANESTRO TRIESTE 2004 S.R.L.",632,"NEW BASKET BRINDISI S.P.A.","1° Arbitro,2° Arbitro,3° Arbitro",200
269540,6,29,A1M,1000,Dom,2021-09-26,17:15,370,"ENERXENIA ARENA - VARESE (VARESE)",571,"PALLACANESTRO VARESE SPA",350,"PALLACANESTRO BRESCIA S.R.L.","1° Arbitro,2° Arbitro,3° Arbitro",200
269484,2,29,A1M,1000,Dom,2021-09-26,18:00,374,"PALASERRADIMIGNI - SASSARI (SASSARI)",648,"POL. DINAMO SRL",256,"US VICTORIA LIBERTAS PALL.SSRL","1° Arbitro,2° Arbitro,3° Arbitro",200
268517,5,29,A1M,1000,Dom,2021-09-26,18:15,161,"PALADOZZA - BOLOGNA (BOLOGNA)",615,"Fortitudo Pallacanestro Bologna 103 Srl",19,"PALL. REGGIANA SRL","1° Arbitro,2° Arbitro,3° Arbitro",200
269557,8,29,A1M,1000,Dom,2021-09-26,19:00,425,"PALAFERRARIS - CASALE MONFERRATO (ALESSANDRIA)",722,"A.S. DIL. POL. DERTHONA BASKET",527,"UNIVERSO TREVISO BASKET S.r.l","1° Arbitro,2° Arbitro,3° Arbitro",200
269442,1,29,A1M,1000,Dom,2021-09-26,20:00,379,"PALASPORT 'TALIERCIO' - VENEZIA (VENEZIA)",521,"SSP REYER VENEZIA MESTRE SRL",268,"GUERINO VANOLI BASKET SRL","1° Arbitro,2° Arbitro,3° Arbitro",200
269523,4,29,A1M,1000,Dom,2021-09-26,20:45,381,"BLM Group Arena - TRENTO (TRENTO)",267,"AQUILA BASKET TRENTO 2013 SRL",16,"VIRTUS PALL. BOLOGNA","1° Arbitro,2° Arbitro,3° Arbitro",200
269379,12,29,A1M,1000,Sab,2021-10-02,19:00,384,"PALAVERDE - VILLORBA (TREVISO)",527,"UNIVERSO TREVISO BASKET S.r.l",521,"SSP REYER VENEZIA MESTRE SRL","1° Arbitro,2° Arbitro,3° Arbitro",200
269370,11,29,A1M,1000,Sab,2021-10-02,20:00,380,"PALASPORT "PENTASSUGLIA" - BRINDISI (BRINDISI)",632,"NEW BASKET BRINDISI S.P.A.",648,"POL. DINAMO SRL","1° Arbitro,2° Arbitro,3° Arbitro",200
269387,13,29,A1M,1000,Dom,2021-10-03,17:00,382,"PALALEONESSA - BRESCIA (BRESCIA)",350,"PALLACANESTRO BRESCIA S.R.L.",722,"A.S. DIL. POL. DERTHONA BASKET","1° Arbitro,2° Arbitro,3° Arbitro",200
269360,10,29,A1M,1000,Dom,2021-10-03,17:30,375,"MEDIOLANUM FORUM - ASSAGO (MILANO)",272,"PALL.OLIMPIA MILANO SSRL",267,"AQUILA BASKET TRENTO 2013 SRL","1° Arbitro,2° Arbitro,3° Arbitro",200
268569,9,29,A1M,1000,Dom,2021-10-03,18:30,161,"PALADOZZA - BOLOGNA (BOLOGNA)",16,"VIRTUS PALL. BOLOGNA",571,"PALLACANESTRO VARESE SPA","1° Arbitro,2° Arbitro,3° Arbitro",200
269397,14,29,A1M,1000,Dom,2021-10-03,19:30,376,"PALARADI - CREMONA (CREMONA)",268,"GUERINO VANOLI BASKET SRL",615,"Fortitudo Pallacanestro Bologna 103 Srl","1° Arbitro,2° Arbitro,3° Arbitro",200
267993,15,29,A1M,1000,Dom,2021-10-03,20:45,401,"UNIPOL ARENA - CASALECCHIO DI RENO (BOLOGNA)",19,"PALL. REGGIANA SRL",719,"S.S. NAPOLIBASKET S.S.D.R.L.","1° Arbitro,2° Arbitro,3° Arbitro",200
269414,16,29,A1M,1000,Mer,2021-10-06,20:30,383,"VITRIFRIGO ARENA - PESARO (PESARO E URBINO)",256,"US VICTORIA LIBERTAS PALL.SSRL",520,"PALLACANESTRO TRIESTE 2004 S.R.L.","1° Arbitro,2° Arbitro,3° Arbitro",200
269451,20,29,A1M,1000,Sab,2021-10-09,19:00,381,"BLM Group Arena - TRENTO (TRENTO)",267,"AQUILA BASKET TRENTO 2013 SRL",268,"GUERINO VANOLI BASKET SRL","1° Arbitro,2° Arbitro,3° Arbitro",200
269479,24,29,A1M,1000,Sab,2021-10-09,20:00,425,"PALAFERRARIS - CASALE MONFERRATO (ALESSANDRIA)",722,"A.S. DIL. POL. DERTHONA BASKET",632,"NEW BASKET BRINDISI S.P.A.","1° Arbitro,2° Arbitro,3° Arbitro",200
269469,22,29,A1M,1000,Dom,2021-10-10,17:00,370,"ENERXENIA ARENA - VARESE (VARESE)",571,"PALLACANESTRO VARESE SPA",272,"PALL.OLIMPIA MILANO SSRL","1° Arbitro,2° Arbitro,3° Arbitro",200
269422,17,29,A1M,1000,Dom,2021-10-10,17:30,379,"PALASPORT 'TALIERCIO' - VENEZIA (VENEZIA)",521,"SSP REYER VENEZIA MESTRE SRL",16,"VIRTUS PALL. BOLOGNA","1° Arbitro,2° Arbitro,3° Arbitro",200
269432,18,29,A1M,1000,Dom,2021-10-10,18:00,374,"PALASERRADIMIGNI - SASSARI (SASSARI)",648,"POL. DINAMO SRL",19,"PALL. REGGIANA SRL","1° Arbitro,2° Arbitro,3° Arbitro",200
269477,23,29,A1M,1000,Dom,2021-10-10,18:30,420,"PALABARBUTO - NAPOLI (NAPOLI)",719,"S.S. NAPOLIBASKET S.S.D.R.L.",527,"UNIVERSO TREVISO BASKET S.r.l","1° Arbitro,2° Arbitro,3° Arbitro",200
269441,19,29,A1M,1000,Dom,2021-10-10,19:30,377,"PALARUBINI - ALLIANZ DOME - TRIESTE (TRIESTE)",520,"PALLACANESTRO TRIESTE 2004 S.R.L.",350,"PALLACANESTRO BRESCIA S.R.L.","1° Arbitro,2° Arbitro,3° Arbitro",200
268127,21,29,A1M,1000,Dom,2021-10-10,20:45,161,"PALADOZZA - BOLOGNA (BOLOGNA)",615,"Fortitudo Pallacanestro Bologna 103 Srl",256,"US VICTORIA LIBERTAS PALL.SSRL","1° Arbitro,2° Arbitro,3° Arbitro",200
269480,25,29,A1M,1000,Ven,2021-10-15,20:30,380,"PALASPORT "PENTASSUGLIA" - BRINDISI (BRINDISI)",632,"NEW BASKET BRINDISI S.P.A.",615,"Fortitudo Pallacanestro Bologna 103 Srl","1° Arbitro,2° Arbitro,3° Arbitro",200
268308,31,29,A1M,1000,Sab,2021-10-16,18:00,401,"UNIPOL ARENA - CASALECCHIO DI RENO (BOLOGNA)",19,"PALL. REGGIANA SRL",267,"AQUILA BASKET TRENTO 2013 SRL","1° Arbitro,2° Arbitro,3° Arbitro",200
268236,26,29,A1M,1000,Sab,2021-10-16,20:00,161,"PALADOZZA - BOLOGNA (BOLOGNA)",16,"VIRTUS PALL. BOLOGNA",520,"PALLACANESTRO TRIESTE 2004 S.R.L.","1° Arbitro,2° Arbitro,3° Arbitro",200
269482,28,29,A1M,1000,Dom,2021-10-17,12:00,384,"PALAVERDE - VILLORBA (TREVISO)",527,"UNIVERSO TREVISO BASKET S.r.l",648,"POL. DINAMO SRL","1° Arbitro,2° Arbitro,3° Arbitro",200
269506,32,29,A1M,1000,Dom,2021-10-17,16:30,383,"VITRIFRIGO ARENA - PESARO (PESARO E URBINO)",256,"US VICTORIA LIBERTAS PALL.SSRL",722,"A.S. DIL. POL. DERTHONA BASKET","1° Arbitro,2° Arbitro,3° Arbitro",200
269483,29,29,A1M,1000,Dom,2021-10-17,17:30,382,"PALALEONESSA - BRESCIA (BRESCIA)",350,"PALLACANESTRO BRESCIA S.R.L.",719,"S.S. NAPOLIBASKET S.S.D.R.L.","1° Arbitro,2° Arbitro,3° Arbitro",200
269490,30,29,A1M,1000,Dom,2021-10-17,19:30,376,"PALARADI - CREMONA (CREMONA)",268,"GUERINO VANOLI BASKET SRL",571,"PALLACANESTRO VARESE SPA","1° Arbitro,2° Arbitro,3° Arbitro",200
269481,27,29,A1M,1000,Dom,2021-10-17,20:45,375,"MEDIOLANUM FORUM - ASSAGO (MILANO)",272,"PALL.OLIMPIA MILANO SSRL",521,"SSP REYER VENEZIA MESTRE SRL","1° Arbitro,2° Arbitro,3° Arbitro",200
268387,38,29,A1M,1000,Sab,2021-10-23,18:00,161,"PALADOZZA - BOLOGNA (BOLOGNA)",615,"Fortitudo Pallacanestro Bologna 103 Srl",272,"PALL.OLIMPIA MILANO SSRL","1° Arbitro,2° Arbitro,3° Arbitro",200
269511,37,29,A1M,1000,Sab,2021-10-23,20:00,376,"PALARADI - CREMONA (CREMONA)",268,"GUERINO VANOLI BASKET SRL",632,"NEW BASKET BRINDISI S.P.A.","1° Arbitro,2° Arbitro,3° Arbitro",200
269507,33,29,A1M,1000,Sab,2021-10-23,20:30,379,"PALASPORT 'TALIERCIO' - VENEZIA (VENEZIA)",521,"SSP REYER VENEZIA MESTRE SRL",256,"US VICTORIA LIBERTAS PALL.SSRL","1° Arbitro,2° Arbitro,3° Arbitro",200
269514,40,29,A1M,1000,Dom,2021-10-24,12:00,420,"PALABARBUTO - NAPOLI (NAPOLI)",719,"S.S. NAPOLIBASKET S.S.D.R.L.",16,"VIRTUS PALL. BOLOGNA","1° Arbitro,2° Arbitro,3° Arbitro",200
269510,36,29,A1M,1000,Dom,2021-10-24,17:30,381,"BLM Group Arena - TRENTO (TRENTO)",267,"AQUILA BASKET TRENTO 2013 SRL",527,"UNIVERSO TREVISO BASKET S.r.l","1° Arbitro,2° Arbitro,3° Arbitro",200
269509,35,29,A1M,1000,Dom,2021-10-24,18:30,377,"PALARUBINI - ALLIANZ DOME - TRIESTE (TRIESTE)",520,"PALLACANESTRO TRIESTE 2004 S.R.L.",722,"A.S. DIL. POL. DERTHONA BASKET","1° Arbitro,2° Arbitro,3° Arbitro",200
269512,39,29,A1M,1000,Dom,2021-10-24,20:00,370,"ENERXENIA ARENA - VARESE (VARESE)",571,"PALLACANESTRO VARESE SPA",19,"PALL. REGGIANA SRL","1° Arbitro,2° Arbitro,3° Arbitro",200
269508,34,29,A1M,1000,Dom,2021-10-24,20:45,374,"PALASERRADIMIGNI - SASSARI (SASSARI)",648,"POL. DINAMO SRL",350,"PALLACANESTRO BRESCIA S.R.L.","1° Arbitro,2° Arbitro,3° Arbitro",200
269516,42,29,A1M,1000,Sab,2021-10-30,19:30,380,"PALASPORT "PENTASSUGLIA" - BRINDISI (BRINDISI)",632,"NEW BASKET BRINDISI S.P.A.",521,"SSP REYER VENEZIA MESTRE SRL","1° Arbitro,2° Arbitro,3° Arbitro",200
269521,48,29,A1M,1000,Sab,2021-10-30,20:00,425,"PALAFERRARIS - CASALE MONFERRATO (ALESSANDRIA)",722,"A.S. DIL. POL. DERTHONA BASKET",16,"VIRTUS PALL. BOLOGNA","1° Arbitro,2° Arbitro,3° Arbitro",200
269518,44,29,A1M,1000,Sab,2021-10-30,20:30,377,"PALARUBINI - ALLIANZ DOME - TRIESTE (TRIESTE)",520,"PALLACANESTRO TRIESTE 2004 S.R.L.",719,"S.S. NAPOLIBASKET S.S.D.R.L.","1° Arbitro,2° Arbitro,3° Arbitro",200
268492,46,29,A1M,1000,Dom,2021-10-31,12:00,401,"UNIPOL ARENA - CASALECCHIO DI RENO (BOLOGNA)",19,"PALL. REGGIANA SRL",268,"GUERINO VANOLI BASKET SRL","1° Arbitro,2° Arbitro,3° Arbitro",200
269515,41,29,A1M,1000,Dom,2021-10-31,17:00,375,"MEDIOLANUM FORUM - ASSAGO (MILANO)",272,"PALL.OLIMPIA MILANO SSRL",648,"POL. DINAMO SRL","1° Arbitro,2° Arbitro,3° Arbitro",200
269519,45,29,A1M,1000,Dom,2021-10-31,17:30,382,"PALALEONESSA - BRESCIA (BRESCIA)",350,"PALLACANESTRO BRESCIA S.R.L.",615,"Fortitudo Pallacanestro Bologna 103 Srl","1° Arbitro,2° Arbitro,3° Arbitro",200
269520,47,29,A1M,1000,Dom,2021-10-31,18:00,383,"VITRIFRIGO ARENA - PESARO (PESARO E URBINO)",256,"US VICTORIA LIBERTAS PALL.SSRL",267,"AQUILA BASKET TRENTO 2013 SRL","1° Arbitro,2° Arbitro,3° Arbitro",200
269517,43,29,A1M,1000,Dom,2021-10-31,20:45,384,"PALAVERDE - VILLORBA (TREVISO)",527,"UNIVERSO TREVISO BASKET S.r.l",571,"PALLACANESTRO VARESE SPA","1° Arbitro,2° Arbitro,3° Arbitro",200
269525,52,29,A1M,1000,Sab,2021-11-06,19:00,381,"BLM Group Arena - TRENTO (TRENTO)",267,"AQUILA BASKET TRENTO 2013 SRL",350,"PALLACANESTRO BRESCIA S.R.L.","1° Arbitro,2° Arbitro,3° Arbitro",200
268504,50,29,A1M,1000,Sab,2021-11-06,20:00,161,"PALADOZZA - BOLOGNA (BOLOGNA)",16,"VIRTUS PALL. BOLOGNA",256,"US VICTORIA LIBERTAS PALL.SSRL","1° Arbitro,2° Arbitro,3° Arbitro",200
269522,49,29,A1M,1000,Sab,2021-11-06,20:30,374,"PALASERRADIMIGNI - SASSARI (SASSARI)",648,"POL. DINAMO SRL",520,"PALLACANESTRO TRIESTE 2004 S.R.L.","1° Arbitro,2° Arbitro,3° Arbitro",200
268509,54,29,A1M,1000,Dom,2021-11-07,17:00,161,"PALADOZZA - BOLOGNA (BOLOGNA)",615,"Fortitudo Pallacanestro Bologna 103 Srl",527,"UNIVERSO TREVISO BASKET S.r.l","1° Arbitro,2° Arbitro,3° Arbitro",200
269526,53,29,A1M,1000,Dom,2021-11-07,17:30,376,"PALARADI - CREMONA (CREMONA)",268,"GUERINO VANOLI BASKET SRL",272,"PALL.OLIMPIA MILANO SSRL","1° Arbitro,2° Arbitro,3° Arbitro",200
269524,51,29,A1M,1000,Dom,2021-11-07,18:00,379,"PALASPORT 'TALIERCIO' - VENEZIA (VENEZIA)",521,"SSP REYER VENEZIA MESTRE SRL",19,"PALL. REGGIANA SRL","1° Arbitro,2° Arbitro,3° Arbitro",200
269527,55,29,A1M,1000,Dom,2021-11-07,19:00,370,"ENERXENIA ARENA - VARESE (VARESE)",571,"PALLACANESTRO VARESE SPA",632,"NEW BASKET BRINDISI S.P.A.","1° Arbitro,2° Arbitro,3° Arbitro",200
269528,56,29,A1M,1000,Dom,2021-11-07,20:45,420,"PALABARBUTO - NAPOLI (NAPOLI)",719,"S.S. NAPOLIBASKET S.S.D.R.L.",722,"A.S. DIL. POL. DERTHONA BASKET","1° Arbitro,2° Arbitro,3° Arbitro",200
269530,58,29,A1M,1000,Sab,2021-11-13,20:00,380,"PALASPORT "PENTASSUGLIA" - BRINDISI (BRINDISI)",632,"NEW BASKET BRINDISI S.P.A.",267,"AQUILA BASKET TRENTO 2013 SRL","1° Arbitro,2° Arbitro,3° Arbitro",200
269534,63,29,A1M,1000,Sab,2021-11-13,20:30,383,"VITRIFRIGO ARENA - PESARO (PESARO E URBINO)",256,"US VICTORIA LIBERTAS PALL.SSRL",719,"S.S. NAPOLIBASKET S.S.D.R.L.","1° Arbitro,2° Arbitro,3° Arbitro",200
269533,61,29,A1M,1000,Dom,2021-11-14,16:00,382,"PALALEONESSA - BRESCIA (BRESCIA)",350,"PALLACANESTRO BRESCIA S.R.L.",16,"VIRTUS PALL. BOLOGNA","1° Arbitro,2° Arbitro,3° Arbitro",200
268521,62,29,A1M,1000,Dom,2021-11-14,17:00,161,"PALADOZZA - BOLOGNA (BOLOGNA)",615,"Fortitudo Pallacanestro Bologna 103 Srl",521,"SSP REYER VENEZIA MESTRE SRL","1° Arbitro,2° Arbitro,3° Arbitro",200
269535,64,29,A1M,1000,Dom,2021-11-14,17:30,425,"PALAFERRARIS - CASALE MONFERRATO (ALESSANDRIA)",722,"A.S. DIL. POL. DERTHONA BASKET",648,"POL. DINAMO SRL","1° Arbitro,2° Arbitro,3° Arbitro",200
269529,57,29,A1M,1000,Dom,2021-11-14,18:30,375,"MEDIOLANUM FORUM - ASSAGO (MILANO)",272,"PALL.OLIMPIA MILANO SSRL",19,"PALL. REGGIANA SRL","1° Arbitro,2° Arbitro,3° Arbitro",200
269531,59,29,A1M,1000,Dom,2021-11-14,19:30,384,"PALAVERDE - VILLORBA (TREVISO)",527,"UNIVERSO TREVISO BASKET S.r.l",268,"GUERINO VANOLI BASKET SRL","1° Arbitro,2° Arbitro,3° Arbitro",200
269532,60,29,A1M,1000,Dom,2021-11-14,20:45,377,"PALARUBINI - ALLIANZ DOME - TRIESTE (TRIESTE)",520,"PALLACANESTRO TRIESTE 2004 S.R.L.",571,"PALLACANESTRO VARESE SPA","1° Arbitro,2° Arbitro,3° Arbitro",200
269542,72,29,A1M,1000,Sab,2021-11-20,20:00,370,"ENERXENIA ARENA - VARESE (VARESE)",571,"PALLACANESTRO VARESE SPA",722,"A.S. DIL. POL. DERTHONA BASKET","1° Arbitro,2° Arbitro,3° Arbitro",200
269537,67,29,A1M,1000,Dom,2021-11-21,17:00,379,"PALASPORT 'TALIERCIO' - VENEZIA (VENEZIA)",521,"SSP REYER VENEZIA MESTRE SRL",520,"PALLACANESTRO TRIESTE 2004 S.R.L.","1° Arbitro,2° Arbitro,3° Arbitro",200
269536,66,29,A1M,1000,Dom,2021-11-21,17:30,375,"MEDIOLANUM FORUM - ASSAGO (MILANO)",272,"PALL.OLIMPIA MILANO SSRL",527,"UNIVERSO TREVISO BASKET S.r.l","1° Arbitro,2° Arbitro,3° Arbitro",200
269539,69,29,A1M,1000,Dom,2021-11-21,18:00,381,"BLM Group Arena - TRENTO (TRENTO)",267,"AQUILA BASKET TRENTO 2013 SRL",615,"Fortitudo Pallacanestro Bologna 103 Srl","1° Arbitro,2° Arbitro,3° Arbitro",200
268533,71,29,A1M,1000,Dom,2021-11-21,18:30,401,"UNIPOL ARENA - CASALECCHIO DI RENO (BOLOGNA)",19,"PALL. REGGIANA SRL",350,"PALLACANESTRO BRESCIA S.R.L.","1° Arbitro,2° Arbitro,3° Arbitro",200
269538,68,29,A1M,1000,Dom,2021-11-21,19:00,374,"PALASERRADIMIGNI - SASSARI (SASSARI)",648,"POL. DINAMO SRL",719,"S.S. NAPOLIBASKET S.S.D.R.L.","1° Arbitro,2° Arbitro,3° Arbitro",200
268525,65,29,A1M,1000,Dom,2021-11-21,20:00,467,"SEGAFREDO ARENA - BOLOGNA (BOLOGNA)",16,"VIRTUS PALL. BOLOGNA",632,"NEW BASKET BRINDISI S.P.A.","1° Arbitro,2° Arbitro,3° Arbitro",200
269541,70,29,A1M,1000,Dom,2021-11-21,20:45,376,"PALARADI - CREMONA (CREMONA)",268,"GUERINO VANOLI BASKET SRL",256,"US VICTORIA LIBERTAS PALL.SSRL","1° Arbitro,2° Arbitro,3° Arbitro",200
269546,77,29,A1M,1000,Sab,2021-12-04,20:00,382,"PALALEONESSA - BRESCIA (BRESCIA)",350,"PALLACANESTRO BRESCIA S.R.L.",521,"SSP REYER VENEZIA MESTRE SRL","1° Arbitro,2° Arbitro,3° Arbitro",200
269545,76,29,A1M,1000,Dom,2021-12-05,16:30,377,"PALARUBINI - ALLIANZ DOME - TRIESTE (TRIESTE)",520,"PALLACANESTRO TRIESTE 2004 S.R.L.",267,"AQUILA BASKET TRENTO 2013 SRL","1° Arbitro,2° Arbitro,3° Arbitro",200
269543,74,29,A1M,1000,Dom,2021-12-05,17:00,380,"PALASPORT "PENTASSUGLIA" - BRINDISI (BRINDISI)",632,"NEW BASKET BRINDISI S.P.A.",272,"PALL.OLIMPIA MILANO SSRL","1° Arbitro,2° Arbitro,3° Arbitro",200
268536,73,29,A1M,1000,Dom,2021-12-05,17:30,467,"SEGAFREDO ARENA - BOLOGNA (BOLOGNA)",16,"VIRTUS PALL. BOLOGNA",648,"POL. DINAMO SRL","1° Arbitro,2° Arbitro,3° Arbitro",200
269544,75,29,A1M,1000,Dom,2021-12-05,18:30,384,"PALAVERDE - VILLORBA (TREVISO)",527,"UNIVERSO TREVISO BASKET S.r.l",19,"PALL. REGGIANA SRL","1° Arbitro,2° Arbitro,3° Arbitro",200
269547,78,29,A1M,1000,Dom,2021-12-05,19:00,383,"VITRIFRIGO ARENA - PESARO (PESARO E URBINO)",256,"US VICTORIA LIBERTAS PALL.SSRL",571,"PALLACANESTRO VARESE SPA","1° Arbitro,2° Arbitro,3° Arbitro",200
269548,79,29,A1M,1000,Dom,2021-12-05,19:45,420,"PALABARBUTO - NAPOLI (NAPOLI)",719,"S.S. NAPOLIBASKET S.S.D.R.L.",268,"GUERINO VANOLI BASKET SRL","1° Arbitro,2° Arbitro,3° Arbitro",200
269550,80,29,A1M,1000,Dom,2021-12-05,20:45,425,"PALAFERRARIS - CASALE MONFERRATO (ALESSANDRIA)",722,"A.S. DIL. POL. DERTHONA BASKET",615,"Fortitudo Pallacanestro Bologna 103 Srl","1° Arbitro,2° Arbitro,3° Arbitro",200
269553,83,29,A1M,1000,Sab,2021-12-11,20:00,384,"PALAVERDE - VILLORBA (TREVISO)",527,"UNIVERSO TREVISO BASKET S.r.l",256,"US VICTORIA LIBERTAS PALL.SSRL","1° Arbitro,2° Arbitro,3° Arbitro",200
269556,88,29,A1M,1000,Dom,2021-12-12,17:00,370,"ENERXENIA ARENA - VARESE (VARESE)",571,"PALLACANESTRO VARESE SPA",719,"S.S. NAPOLIBASKET S.S.D.R.L.","1° Arbitro,2° Arbitro,3° Arbitro",200
269551,81,29,A1M,1000,Dom,2021-12-12,17:30,375,"MEDIOLANUM FORUM - ASSAGO (MILANO)",272,"PALL.OLIMPIA MILANO SSRL",350,"PALLACANESTRO BRESCIA S.R.L.","1° Arbitro,2° Arbitro,3° Arbitro",200
269554,84,29,A1M,1000,Dom,2021-12-12,18:00,381,"BLM Group Arena - TRENTO (TRENTO)",267,"AQUILA BASKET TRENTO 2013 SRL",722,"A.S. DIL. POL. DERTHONA BASKET","1° Arbitro,2° Arbitro,3° Arbitro",200
268551,86,29,A1M,1000,Dom,2021-12-12,18:30,401,"UNIPOL ARENA - CASALECCHIO DI RENO (BOLOGNA)",19,"PALL. REGGIANA SRL",632,"NEW BASKET BRINDISI S.P.A.","1° Arbitro,2° Arbitro,3° Arbitro",200
269555,85,29,A1M,1000,Dom,2021-12-12,19:00,376,"PALARADI - CREMONA (CREMONA)",268,"GUERINO VANOLI BASKET SRL",16,"VIRTUS PALL. BOLOGNA","1° Arbitro,2° Arbitro,3° Arbitro",200
269552,82,29,A1M,1000,Dom,2021-12-12,20:45,379,"PALASPORT 'TALIERCIO' - VENEZIA (VENEZIA)",521,"SSP REYER VENEZIA MESTRE SRL",648,"POL. DINAMO SRL","1° Arbitro,2° Arbitro,3° Arbitro",200
268553,87,29,A1M,1000,Lun,2021-12-13,20:00,161,"PALADOZZA - BOLOGNA (BOLOGNA)",615,"Fortitudo Pallacanestro Bologna 103 Srl",520,"PALLACANESTRO TRIESTE 2004 S.R.L.","1° Arbitro,2° Arbitro,3° Arbitro",200
269564,96,29,A1M,1000,Sab,2021-12-18,20:00,425,"PALAFERRARIS - CASALE MONFERRATO (ALESSANDRIA)",722,"A.S. DIL. POL. DERTHONA BASKET",521,"SSP REYER VENEZIA MESTRE SRL","1° Arbitro,2° Arbitro,3° Arbitro",200
269560,92,29,A1M,1000,Dom,2021-12-19,12:00,377,"PALARUBINI - ALLIANZ DOME - TRIESTE (TRIESTE)",520,"PALLACANESTRO TRIESTE 2004 S.R.L.",272,"PALL.OLIMPIA MILANO SSRL","1° Arbitro,2° Arbitro,3° Arbitro",200
269563,95,29,A1M,1000,Dom,2021-12-19,17:00,420,"PALABARBUTO - NAPOLI (NAPOLI)",719,"S.S. NAPOLIBASKET S.S.D.R.L.",267,"AQUILA BASKET TRENTO 2013 SRL","1° Arbitro,2° Arbitro,3° Arbitro",200
268556,89,29,A1M,1000,Dom,2021-12-19,17:30,467,"SEGAFREDO ARENA - BOLOGNA (BOLOGNA)",16,"VIRTUS PALL. BOLOGNA",615,"Fortitudo Pallacanestro Bologna 103 Srl","1° Arbitro,2° Arbitro,3° Arbitro",200
269562,94,29,A1M,1000,Dom,2021-12-19,18:00,383,"VITRIFRIGO ARENA - PESARO (PESARO E URBINO)",256,"US VICTORIA LIBERTAS PALL.SSRL",19,"PALL. REGGIANA SRL","1° Arbitro,2° Arbitro,3° Arbitro",200
269559,91,29,A1M,1000,Dom,2021-12-19,18:30,374,"PALASERRADIMIGNI - SASSARI (SASSARI)",648,"POL. DINAMO SRL",571,"PALLACANESTRO VARESE SPA","1° Arbitro,2° Arbitro,3° Arbitro",200
269561,93,29,A1M,1000,Dom,2021-12-19,19:00,382,"PALALEONESSA - BRESCIA (BRESCIA)",350,"PALLACANESTRO BRESCIA S.R.L.",268,"GUERINO VANOLI BASKET SRL","1° Arbitro,2° Arbitro,3° Arbitro",200
269558,90,29,A1M,1000,Dom,2021-12-19,20:45,380,"PALASPORT "PENTASSUGLIA" - BRINDISI (BRINDISI)",632,"NEW BASKET BRINDISI S.P.A.",527,"UNIVERSO TREVISO BASKET S.r.l","1° Arbitro,2° Arbitro,3° Arbitro",200
269566,98,29,A1M,1000,Dom,2021-12-26,18:00,380,"PALASPORT "PENTASSUGLIA" - BRINDISI (BRINDISI)",632,"NEW BASKET BRINDISI S.P.A.",256,"US VICTORIA LIBERTAS PALL.SSRL","1° Arbitro,2° Arbitro,3° Arbitro",200
269353,100,29,A1M,1000,Lun,2021-12-27,20:00,384,"PALAVERDE - VILLORBA (TREVISO)",527,"UNIVERSO TREVISO BASKET S.r.l",350,"PALLACANESTRO BRESCIA S.R.L.","1° Arbitro,2° Arbitro,3° Arbitro",200
269565,97,29,A1M,1000,Mer,2022-01-05,16:00,375,"MEDIOLANUM FORUM - ASSAGO (MILANO)",272,"PALL.OLIMPIA MILANO SSRL",16,"VIRTUS PALL. BOLOGNA","1° Arbitro,2° Arbitro,3° Arbitro",200
269567,99,29,A1M,1000,Mer,2022-01-05,19:30,379,"PALASPORT 'TALIERCIO' - VENEZIA (VENEZIA)",521,"SSP REYER VENEZIA MESTRE SRL",719,"S.S. NAPOLIBASKET S.S.D.R.L.","1° Arbitro,2° Arbitro,3° Arbitro",200
267821,103,29,A1M,1000,Gio,2022-01-06,18:30,401,"UNIPOL ARENA - CASALECCHIO DI RENO (BOLOGNA)",19,"PALL. REGGIANA SRL",722,"A.S. DIL. POL. DERTHONA BASKET","1° Arbitro,2° Arbitro,3° Arbitro",200
269367,116,29,A1M,1000,Sab,2022-01-08,20:00,381,"BLM Group Arena - TRENTO (TRENTO)",267,"AQUILA BASKET TRENTO 2013 SRL",521,"SSP REYER VENEZIA MESTRE SRL","1° Arbitro,2° Arbitro,3° Arbitro",200
269369,118,29,A1M,1000,Dom,2022-01-09,12:00,376,"PALARADI - CREMONA (CREMONA)",268,"GUERINO VANOLI BASKET SRL",648,"POL. DINAMO SRL","1° Arbitro,2° Arbitro,3° Arbitro",200
269364,113,29,A1M,1000,Dom,2022-01-09,17:30,375,"MEDIOLANUM FORUM - ASSAGO (MILANO)",272,"PALL.OLIMPIA MILANO SSRL",722,"A.S. DIL. POL. DERTHONA BASKET","1° Arbitro,2° Arbitro,3° Arbitro",200
267866,119,29,A1M,1000,Dom,2022-01-09,18:30,401,"UNIPOL ARENA - CASALECCHIO DI RENO (BOLOGNA)",19,"PALL. REGGIANA SRL",16,"VIRTUS PALL. BOLOGNA","1° Arbitro,2° Arbitro,3° Arbitro",200
267873,120,29,A1M,1000,Dom,2022-01-09,20:45,161,"PALADOZZA - BOLOGNA (BOLOGNA)",615,"Fortitudo Pallacanestro Bologna 103 Srl",571,"PALLACANESTRO VARESE SPA","1° Arbitro,2° Arbitro,3° Arbitro",200
269355,102,29,A1M,1000,Mer,2022-01-12,20:00,376,"PALARADI - CREMONA (CREMONA)",268,"GUERINO VANOLI BASKET SRL",520,"PALLACANESTRO TRIESTE 2004 S.R.L.","1° Arbitro,2° Arbitro,3° Arbitro",200
267825,104,29,A1M,1000,Mer,2022-01-12,20:30,161,"PALADOZZA - BOLOGNA (BOLOGNA)",615,"Fortitudo Pallacanestro Bologna 103 Srl",648,"POL. DINAMO SRL","1° Arbitro,2° Arbitro,3° Arbitro",200
269363,112,29,A1M,1000,Sab,2022-01-15,19:00,425,"PALAFERRARIS - CASALE MONFERRATO (ALESSANDRIA)",722,"A.S. DIL. POL. DERTHONA BASKET",268,"GUERINO VANOLI BASKET SRL","1° Arbitro,2° Arbitro,3° Arbitro",200
267828,105,29,A1M,1000,Sab,2022-01-15,20:00,467,"SEGAFREDO ARENA - BOLOGNA (BOLOGNA)",16,"VIRTUS PALL. BOLOGNA",527,"UNIVERSO TREVISO BASKET S.r.l","1° Arbitro,2° Arbitro,3° Arbitro",200
269361,110,29,A1M,1000,Sab,2022-01-15,20:30,370,"ENERXENIA ARENA - VARESE (VARESE)",571,"PALLACANESTRO VARESE SPA",521,"SSP REYER VENEZIA MESTRE SRL","1° Arbitro,2° Arbitro,3° Arbitro",200
269356,106,29,A1M,1000,Dom,2022-01-16,12:00,374,"PALASERRADIMIGNI - SASSARI (SASSARI)",648,"POL. DINAMO SRL",267,"AQUILA BASKET TRENTO 2013 SRL","1° Arbitro,2° Arbitro,3° Arbitro",200
269359,109,29,A1M,1000,Dom,2022-01-16,12:00,383,"VITRIFRIGO ARENA - PESARO (PESARO E URBINO)",256,"US VICTORIA LIBERTAS PALL.SSRL",272,"PALL.OLIMPIA MILANO SSRL","1° Arbitro,2° Arbitro,3° Arbitro",200
269362,111,29,A1M,1000,Dom,2022-01-16,18:00,420,"PALABARBUTO - NAPOLI (NAPOLI)",719,"S.S. NAPOLIBASKET S.S.D.R.L.",615,"Fortitudo Pallacanestro Bologna 103 Srl","1° Arbitro,2° Arbitro,3° Arbitro",200
269358,108,29,A1M,1000,Dom,2022-01-16,20:00,382,"PALALEONESSA - BRESCIA (BRESCIA)",350,"PALLACANESTRO BRESCIA S.R.L.",632,"NEW BASKET BRINDISI S.P.A.","1° Arbitro,2° Arbitro,3° Arbitro",200
269357,107,29,A1M,1000,Dom,2022-01-16,20:45,377,"PALARUBINI - ALLIANZ DOME - TRIESTE (TRIESTE)",520,"PALLACANESTRO TRIESTE 2004 S.R.L.",19,"PALL. REGGIANA SRL","1° Arbitro,2° Arbitro,3° Arbitro",200
269365,114,29,A1M,1000,Mer,2022-01-19,20:00,380,"PALASPORT "PENTASSUGLIA" - BRINDISI (BRINDISI)",632,"NEW BASKET BRINDISI S.P.A.",719,"S.S. NAPOLIBASKET S.S.D.R.L.","1° Arbitro,2° Arbitro,3° Arbitro",200
269368,117,29,A1M,1000,Gio,2022-01-20,20:30,382,"PALALEONESSA - BRESCIA (BRESCIA)",350,"PALLACANESTRO BRESCIA S.R.L.",256,"US VICTORIA LIBERTAS PALL.SSRL","1° Arbitro,2° Arbitro,3° Arbitro",200
269378,129,29,A1M,1000,Dom,2022-01-23,17:00,380,"PALASPORT "PENTASSUGLIA" - BRINDISI (BRINDISI)",632,"NEW BASKET BRINDISI S.P.A.",16,"VIRTUS PALL. BOLOGNA","1° Arbitro,2° Arbitro,3° Arbitro",200
269384,134,29,A1M,1000,Dom,2022-01-23,17:30,376,"PALARADI - CREMONA (CREMONA)",268,"GUERINO VANOLI BASKET SRL",521,"SSP REYER VENEZIA MESTRE SRL","1° Arbitro,2° Arbitro,3° Arbitro",200
269381,131,29,A1M,1000,Dom,2022-01-23,18:00,377,"PALARUBINI - ALLIANZ DOME - TRIESTE (TRIESTE)",520,"PALLACANESTRO TRIESTE 2004 S.R.L.",256,"US VICTORIA LIBERTAS PALL.SSRL","1° Arbitro,2° Arbitro,3° Arbitro",200
269382,132,29,A1M,1000,Dom,2022-01-23,18:30,381,"BLM Group Arena - TRENTO (TRENTO)",267,"AQUILA BASKET TRENTO 2013 SRL",719,"S.S. NAPOLIBASKET S.S.D.R.L.","1° Arbitro,2° Arbitro,3° Arbitro",200
267937,136,29,A1M,1000,Dom,2022-01-23,19:00,161,"PALADOZZA - BOLOGNA (BOLOGNA)",615,"Fortitudo Pallacanestro Bologna 103 Srl",722,"A.S. DIL. POL. DERTHONA BASKET","1° Arbitro,2° Arbitro,3° Arbitro",200
269383,133,29,A1M,1000,Dom,2022-01-23,20:45,382,"PALALEONESSA - BRESCIA (BRESCIA)",350,"PALLACANESTRO BRESCIA S.R.L.",648,"POL. DINAMO SRL","1° Arbitro,2° Arbitro,3° Arbitro",200
269354,101,29,A1M,1000,Ven,2022-01-28,20:00,381,"BLM Group Arena - TRENTO (TRENTO)",267,"AQUILA BASKET TRENTO 2013 SRL",571,"PALLACANESTRO VARESE SPA","1° Arbitro,2° Arbitro,3° Arbitro",200
267940,137,29,A1M,1000,Sab,2022-01-29,20:00,467,"SEGAFREDO ARENA - BOLOGNA (BOLOGNA)",16,"VIRTUS PALL. BOLOGNA",268,"GUERINO VANOLI BASKET SRL","1° Arbitro,2° Arbitro,3° Arbitro",200
269392,144,29,A1M,1000,Dom,2022-01-30,17:00,425,"PALAFERRARIS - CASALE MONFERRATO (ALESSANDRIA)",722,"A.S. DIL. POL. DERTHONA BASKET",19,"PALL. REGGIANA SRL","1° Arbitro,2° Arbitro,3° Arbitro",200
269385,138,29,A1M,1000,Dom,2022-01-30,17:30,375,"MEDIOLANUM FORUM - ASSAGO (MILANO)",272,"PALL.OLIMPIA MILANO SSRL",615,"Fortitudo Pallacanestro Bologna 103 Srl","1° Arbitro,2° Arbitro,3° Arbitro",200
269390,142,29,A1M,1000,Dom,2022-01-30,18:00,370,"ENERXENIA ARENA - VARESE (VARESE)",571,"PALLACANESTRO VARESE SPA",267,"AQUILA BASKET TRENTO 2013 SRL","1° Arbitro,2° Arbitro,3° Arbitro",200
269389,141,29,A1M,1000,Dom,2022-01-30,18:30,383,"VITRIFRIGO ARENA - PESARO (PESARO E URBINO)",256,"US VICTORIA LIBERTAS PALL.SSRL",527,"UNIVERSO TREVISO BASKET S.r.l","1° Arbitro,2° Arbitro,3° Arbitro",200
269386,139,29,A1M,1000,Dom,2022-01-30,19:00,379,"PALASPORT 'TALIERCIO' - VENEZIA (VENEZIA)",521,"SSP REYER VENEZIA MESTRE SRL",350,"PALLACANESTRO BRESCIA S.R.L.","1° Arbitro,2° Arbitro,3° Arbitro",200
269388,140,29,A1M,1000,Dom,2022-01-30,20:45,374,"PALASERRADIMIGNI - SASSARI (SASSARI)",648,"POL. DINAMO SRL",632,"NEW BASKET BRINDISI S.P.A.","1° Arbitro,2° Arbitro,3° Arbitro",200
269391,143,29,A1M,1000,Lun,2022-01-31,20:45,420,"PALABARBUTO - NAPOLI (NAPOLI)",719,"S.S. NAPOLIBASKET S.S.D.R.L.",520,"PALLACANESTRO TRIESTE 2004 S.R.L.","1° Arbitro,2° Arbitro,3° Arbitro",200
269366,115,29,A1M,1000,Gio,2022-02-03,20:00,384,"PALAVERDE - VILLORBA (TREVISO)",527,"UNIVERSO TREVISO BASKET S.r.l",520,"PALLACANESTRO TRIESTE 2004 S.R.L.","1° Arbitro,2° Arbitro,3° Arbitro",200
269396,148,29,A1M,1000,Sab,2022-02-05,20:00,381,"BLM Group Arena - TRENTO (TRENTO)",267,"AQUILA BASKET TRENTO 2013 SRL",272,"PALL.OLIMPIA MILANO SSRL","1° Arbitro,2° Arbitro,3° Arbitro",200
269394,146,29,A1M,1000,Sab,2022-02-05,20:30,384,"PALAVERDE - VILLORBA (TREVISO)",527,"UNIVERSO TREVISO BASKET S.r.l",722,"A.S. DIL. POL. DERTHONA BASKET","1° Arbitro,2° Arbitro,3° Arbitro",200
269398,150,29,A1M,1000,Dom,2022-02-06,17:00,383,"VITRIFRIGO ARENA - PESARO (PESARO E URBINO)",256,"US VICTORIA LIBERTAS PALL.SSRL",268,"GUERINO VANOLI BASKET SRL","1° Arbitro,2° Arbitro,3° Arbitro",200
267971,149,29,A1M,1000,Dom,2022-02-06,17:30,161,"PALADOZZA - BOLOGNA (BOLOGNA)",615,"Fortitudo Pallacanestro Bologna 103 Srl",350,"PALLACANESTRO BRESCIA S.R.L.","1° Arbitro,2° Arbitro,3° Arbitro",200
269393,145,29,A1M,1000,Dom,2022-02-06,18:30,380,"PALASPORT "PENTASSUGLIA" - BRINDISI (BRINDISI)",632,"NEW BASKET BRINDISI S.P.A.",19,"PALL. REGGIANA SRL","1° Arbitro,2° Arbitro,3° Arbitro",200
269399,151,29,A1M,1000,Dom,2022-02-06,20:45,370,"ENERXENIA ARENA - VARESE (VARESE)",571,"PALLACANESTRO VARESE SPA",16,"VIRTUS PALL. BOLOGNA","1° Arbitro,2° Arbitro,3° Arbitro",200
269404,156,29,A1M,1000,Sab,2022-02-12,20:00,382,"PALALEONESSA - BRESCIA (BRESCIA)",350,"PALLACANESTRO BRESCIA S.R.L.",520,"PALLACANESTRO TRIESTE 2004 S.R.L.","1° Arbitro,2° Arbitro,3° Arbitro",200
269406,160,29,A1M,1000,Sab,2022-02-12,20:30,425,"PALAFERRARIS - CASALE MONFERRATO (ALESSANDRIA)",722,"A.S. DIL. POL. DERTHONA BASKET",267,"AQUILA BASKET TRENTO 2013 SRL","1° Arbitro,2° Arbitro,3° Arbitro",200
269401,153,29,A1M,1000,Dom,2022-02-13,17:30,375,"MEDIOLANUM FORUM - ASSAGO (MILANO)",272,"PALL.OLIMPIA MILANO SSRL",256,"US VICTORIA LIBERTAS PALL.SSRL","1° Arbitro,2° Arbitro,3° Arbitro",200
267991,159,29,A1M,1000,Dom,2022-02-13,18:30,161,"PALADOZZA - BOLOGNA (BOLOGNA)",615,"Fortitudo Pallacanestro Bologna 103 Srl",632,"NEW BASKET BRINDISI S.P.A.","1° Arbitro,2° Arbitro,3° Arbitro",200
269402,154,29,A1M,1000,Dom,2022-02-13,19:00,379,"PALASPORT 'TALIERCIO' - VENEZIA (VENEZIA)",521,"SSP REYER VENEZIA MESTRE SRL",571,"PALLACANESTRO VARESE SPA","1° Arbitro,2° Arbitro,3° Arbitro",200
267989,158,29,A1M,1000,Dom,2022-02-13,20:45,401,"UNIPOL ARENA - CASALECCHIO DI RENO (BOLOGNA)",19,"PALL. REGGIANA SRL",527,"UNIVERSO TREVISO BASKET S.r.l","1° Arbitro,2° Arbitro,3° Arbitro",200
267933,135,29,A1M,1000,Ven,2022-02-18,20:30,401,"UNIPOL ARENA - CASALECCHIO DI RENO (BOLOGNA)",19,"PALL. REGGIANA SRL",571,"PALLACANESTRO VARESE SPA","1° Arbitro,2° Arbitro,3° Arbitro",200
269400,152,29,A1M,1000,Sab,2022-02-19,15:00,420,"PALABARBUTO - NAPOLI (NAPOLI)",719,"S.S. NAPOLIBASKET S.S.D.R.L.",521,"SSP REYER VENEZIA MESTRE SRL","1° Arbitro,2° Arbitro,3° Arbitro",200
269408,163,29,A1M,1000,Sab,2022-03-05,20:00,384,"PALAVERDE - VILLORBA (TREVISO)",527,"UNIVERSO TREVISO BASKET S.r.l",615,"Fortitudo Pallacanestro Bologna 103 Srl","1° Arbitro,2° Arbitro,3° Arbitro",200
269409,164,29,A1M,1000,Dom,2022-03-06,17:00,377,"PALARUBINI - ALLIANZ DOME - TRIESTE (TRIESTE)",520,"PALLACANESTRO TRIESTE 2004 S.R.L.",521,"SSP REYER VENEZIA MESTRE SRL","1° Arbitro,2° Arbitro,3° Arbitro",200
269411,167,29,A1M,1000,Dom,2022-03-06,17:30,370,"ENERXENIA ARENA - VARESE (VARESE)",571,"PALLACANESTRO VARESE SPA",268,"GUERINO VANOLI BASKET SRL","1° Arbitro,2° Arbitro,3° Arbitro",200
269407,162,29,A1M,1000,Dom,2022-03-06,18:00,380,"PALASPORT "PENTASSUGLIA" - BRINDISI (BRINDISI)",632,"NEW BASKET BRINDISI S.P.A.",350,"PALLACANESTRO BRESCIA S.R.L.","1° Arbitro,2° Arbitro,3° Arbitro",200
268002,166,29,A1M,1000,Dom,2022-03-06,18:30,161,"PALADOZZA - BOLOGNA (BOLOGNA)",19,"PALL. REGGIANA SRL",256,"US VICTORIA LIBERTAS PALL.SSRL","1° Arbitro,2° Arbitro,3° Arbitro",200
269410,165,29,A1M,1000,Dom,2022-03-06,19:00,381,"BLM Group Arena - TRENTO (TRENTO)",267,"AQUILA BASKET TRENTO 2013 SRL",648,"POL. DINAMO SRL","1° Arbitro,2° Arbitro,3° Arbitro",200
267996,161,29,A1M,1000,Dom,2022-03-06,20:00,467,"SEGAFREDO ARENA - BOLOGNA (BOLOGNA)",16,"VIRTUS PALL. BOLOGNA",719,"S.S. NAPOLIBASKET S.S.D.R.L.","1° Arbitro,2° Arbitro,3° Arbitro",200
269412,168,29,A1M,1000,Dom,2022-03-06,20:45,425,"PALAFERRARIS - CASALE MONFERRATO (ALESSANDRIA)",722,"A.S. DIL. POL. DERTHONA BASKET",272,"PALL.OLIMPIA MILANO SSRL","1° Arbitro,2° Arbitro,3° Arbitro",200
269405,157,29,A1M,1000,Mer,2022-03-09,20:00,376,"PALARADI - CREMONA (CREMONA)",268,"GUERINO VANOLI BASKET SRL",719,"S.S. NAPOLIBASKET S.S.D.R.L.","1° Arbitro,2° Arbitro,3° Arbitro",200
269395,147,29,A1M,1000,Mer,2022-03-09,20:00,377,"PALARUBINI - ALLIANZ DOME - TRIESTE (TRIESTE)",520,"PALLACANESTRO TRIESTE 2004 S.R.L.",648,"POL. DINAMO SRL","1° Arbitro,2° Arbitro,3° Arbitro",200
269419,175,29,A1M,1000,Dom,2022-03-13,16:30,383,"VITRIFRIGO ARENA - PESARO (PESARO E URBINO)",256,"US VICTORIA LIBERTAS PALL.SSRL",632,"NEW BASKET BRINDISI S.P.A.","1° Arbitro,2° Arbitro,3° Arbitro",200
269415,170,29,A1M,1000,Dom,2022-03-13,17:00,379,"PALASPORT 'TALIERCIO' - VENEZIA (VENEZIA)",521,"SSP REYER VENEZIA MESTRE SRL",267,"AQUILA BASKET TRENTO 2013 SRL","1° Arbitro,2° Arbitro,3° Arbitro",200
269413,169,29,A1M,1000,Dom,2022-03-13,17:30,375,"MEDIOLANUM FORUM - ASSAGO (MILANO)",272,"PALL.OLIMPIA MILANO SSRL",520,"PALLACANESTRO TRIESTE 2004 S.R.L.","1° Arbitro,2° Arbitro,3° Arbitro",200
269416,171,29,A1M,1000,Dom,2022-03-13,18:00,374,"PALASERRADIMIGNI - SASSARI (SASSARI)",648,"POL. DINAMO SRL",722,"A.S. DIL. POL. DERTHONA BASKET","1° Arbitro,2° Arbitro,3° Arbitro",200
269417,172,29,A1M,1000,Dom,2022-03-13,18:30,382,"PALALEONESSA - BRESCIA (BRESCIA)",350,"PALLACANESTRO BRESCIA S.R.L.",527,"UNIVERSO TREVISO BASKET S.r.l","1° Arbitro,2° Arbitro,3° Arbitro",200
269418,173,29,A1M,1000,Dom,2022-03-13,19:00,376,"PALARADI - CREMONA (CREMONA)",268,"GUERINO VANOLI BASKET SRL",19,"PALL. REGGIANA SRL","1° Arbitro,2° Arbitro,3° Arbitro",200
268013,174,29,A1M,1000,Dom,2022-03-13,20:45,161,"PALADOZZA - BOLOGNA (BOLOGNA)",615,"Fortitudo Pallacanestro Bologna 103 Srl",16,"VIRTUS PALL. BOLOGNA","1° Arbitro,2° Arbitro,3° Arbitro",200
269420,176,29,A1M,1000,Lun,2022-03-14,20:00,420,"PALABARBUTO - NAPOLI (NAPOLI)",719,"S.S. NAPOLIBASKET S.S.D.R.L.",571,"PALLACANESTRO VARESE SPA","1° Arbitro,2° Arbitro,3° Arbitro",200
269427,184,29,A1M,1000,Sab,2022-03-19,20:00,425,"PALAFERRARIS - CASALE MONFERRATO (ALESSANDRIA)",722,"A.S. DIL. POL. DERTHONA BASKET",719,"S.S. NAPOLIBASKET S.S.D.R.L.","1° Arbitro,2° Arbitro,3° Arbitro",200
269423,180,29,A1M,1000,Sab,2022-03-19,20:30,384,"PALAVERDE - VILLORBA (TREVISO)",527,"UNIVERSO TREVISO BASKET S.r.l",267,"AQUILA BASKET TRENTO 2013 SRL","1° Arbitro,2° Arbitro,3° Arbitro",200
269426,183,29,A1M,1000,Dom,2022-03-20,17:00,370,"ENERXENIA ARENA - VARESE (VARESE)",571,"PALLACANESTRO VARESE SPA",256,"US VICTORIA LIBERTAS PALL.SSRL","1° Arbitro,2° Arbitro,3° Arbitro",200
269425,182,29,A1M,1000,Dom,2022-03-20,17:30,382,"PALALEONESSA - BRESCIA (BRESCIA)",350,"PALLACANESTRO BRESCIA S.R.L.",272,"PALL.OLIMPIA MILANO SSRL","1° Arbitro,2° Arbitro,3° Arbitro",200
269421,179,29,A1M,1000,Dom,2022-03-20,18:00,380,"PALASPORT "PENTASSUGLIA" - BRINDISI (BRINDISI)",632,"NEW BASKET BRINDISI S.P.A.",268,"GUERINO VANOLI BASKET SRL","1° Arbitro,2° Arbitro,3° Arbitro",200
268017,177,29,A1M,1000,Dom,2022-03-20,18:30,401,"UNIPOL ARENA - CASALECCHIO DI RENO (BOLOGNA)",19,"PALL. REGGIANA SRL",648,"POL. DINAMO SRL","1° Arbitro,2° Arbitro,3° Arbitro",200
269424,181,29,A1M,1000,Dom,2022-03-20,19:30,377,"PALARUBINI - ALLIANZ DOME - TRIESTE (TRIESTE)",520,"PALLACANESTRO TRIESTE 2004 S.R.L.",615,"Fortitudo Pallacanestro Bologna 103 Srl","1° Arbitro,2° Arbitro,3° Arbitro",200
268019,178,29,A1M,1000,Dom,2022-03-20,20:45,467,"SEGAFREDO ARENA - BOLOGNA (BOLOGNA)",16,"VIRTUS PALL. BOLOGNA",521,"SSP REYER VENEZIA MESTRE SRL","1° Arbitro,2° Arbitro,3° Arbitro",200
269428,186,29,A1M,1000,Sab,2022-03-26,18:15,375,"MEDIOLANUM FORUM - ASSAGO (MILANO)",272,"PALL.OLIMPIA MILANO SSRL",571,"PALLACANESTRO VARESE SPA","1° Arbitro,2° Arbitro,3° Arbitro",200
268028,185,29,A1M,1000,Sab,2022-03-26,20:15,467,"SEGAFREDO ARENA - BOLOGNA (BOLOGNA)",16,"VIRTUS PALL. BOLOGNA",19,"PALL. REGGIANA SRL","1° Arbitro,2° Arbitro,3° Arbitro",200
269435,192,29,A1M,1000,Dom,2022-03-27,17:00,420,"PALABARBUTO - NAPOLI (NAPOLI)",719,"S.S. NAPOLIBASKET S.S.D.R.L.",632,"NEW BASKET BRINDISI S.P.A.","1° Arbitro,2° Arbitro,3° Arbitro",200
269429,187,29,A1M,1000,Dom,2022-03-27,17:30,379,"PALASPORT 'TALIERCIO' - VENEZIA (VENEZIA)",521,"SSP REYER VENEZIA MESTRE SRL",722,"A.S. DIL. POL. DERTHONA BASKET","1° Arbitro,2° Arbitro,3° Arbitro",200
269430,188,29,A1M,1000,Dom,2022-03-27,18:00,374,"PALASERRADIMIGNI - SASSARI (SASSARI)",648,"POL. DINAMO SRL",615,"Fortitudo Pallacanestro Bologna 103 Srl","1° Arbitro,2° Arbitro,3° Arbitro",200
269433,190,29,A1M,1000,Dom,2022-03-27,18:30,376,"PALARADI - CREMONA (CREMONA)",268,"GUERINO VANOLI BASKET SRL",527,"UNIVERSO TREVISO BASKET S.r.l","1° Arbitro,2° Arbitro,3° Arbitro",200
269434,191,29,A1M,1000,Dom,2022-03-27,19:30,383,"VITRIFRIGO ARENA - PESARO (PESARO E URBINO)",256,"US VICTORIA LIBERTAS PALL.SSRL",350,"PALLACANESTRO BRESCIA S.R.L.","1° Arbitro,2° Arbitro,3° Arbitro",200
269431,189,29,A1M,1000,Dom,2022-03-27,20:45,381,"BLM Group Arena - TRENTO (TRENTO)",267,"AQUILA BASKET TRENTO 2013 SRL",520,"PALLACANESTRO TRIESTE 2004 S.R.L.","1° Arbitro,2° Arbitro,3° Arbitro",200
269443,200,29,A1M,1000,Sab,2022-04-02,19:00,425,"PALAFERRARIS - CASALE MONFERRATO (ALESSANDRIA)",722,"A.S. DIL. POL. DERTHONA BASKET",256,"US VICTORIA LIBERTAS PALL.SSRL","1° Arbitro,2° Arbitro,3° Arbitro",200
269439,196,29,A1M,1000,Sab,2022-04-02,20:00,377,"PALARUBINI - ALLIANZ DOME - TRIESTE (TRIESTE)",520,"PALLACANESTRO TRIESTE 2004 S.R.L.",16,"VIRTUS PALL. BOLOGNA","1° Arbitro,2° Arbitro,3° Arbitro",200
269437,194,29,A1M,1000,Dom,2022-04-03,17:00,374,"PALASERRADIMIGNI - SASSARI (SASSARI)",648,"POL. DINAMO SRL",272,"PALL.OLIMPIA MILANO SSRL","1° Arbitro,2° Arbitro,3° Arbitro",200
269436,193,29,A1M,1000,Dom,2022-04-03,17:00,380,"PALASPORT "PENTASSUGLIA" - BRINDISI (BRINDISI)",632,"NEW BASKET BRINDISI S.P.A.",571,"PALLACANESTRO VARESE SPA","1° Arbitro,2° Arbitro,3° Arbitro",200
269440,197,29,A1M,1000,Dom,2022-04-03,18:00,382,"PALALEONESSA - BRESCIA (BRESCIA)",350,"PALLACANESTRO BRESCIA S.R.L.",267,"AQUILA BASKET TRENTO 2013 SRL","1° Arbitro,2° Arbitro,3° Arbitro",200
268043,198,29,A1M,1000,Dom,2022-04-03,18:30,401,"UNIPOL ARENA - CASALECCHIO DI RENO (BOLOGNA)",19,"PALL. REGGIANA SRL",521,"SSP REYER VENEZIA MESTRE SRL","1° Arbitro,2° Arbitro,3° Arbitro",200
268045,199,29,A1M,1000,Dom,2022-04-03,19:00,161,"PALADOZZA - BOLOGNA (BOLOGNA)",615,"Fortitudo Pallacanestro Bologna 103 Srl",268,"GUERINO VANOLI BASKET SRL","1° Arbitro,2° Arbitro,3° Arbitro",200
269438,195,29,A1M,1000,Dom,2022-04-03,20:45,384,"PALAVERDE - VILLORBA (TREVISO)",527,"UNIVERSO TREVISO BASKET S.r.l",719,"S.S. NAPOLIBASKET S.S.D.R.L.","1° Arbitro,2° Arbitro,3° Arbitro",200
269445,203,29,A1M,1000,Sab,2022-04-09,18:00,381,"BLM Group Arena - TRENTO (TRENTO)",267,"AQUILA BASKET TRENTO 2013 SRL",632,"NEW BASKET BRINDISI S.P.A.","1° Arbitro,2° Arbitro,3° Arbitro",200
269449,208,29,A1M,1000,Sab,2022-04-09,20:10,420,"PALABARBUTO - NAPOLI (NAPOLI)",719,"S.S. NAPOLIBASKET S.S.D.R.L.",350,"PALLACANESTRO BRESCIA S.R.L.","1° Arbitro,2° Arbitro,3° Arbitro",200
269444,202,29,A1M,1000,Dom,2022-04-10,17:00,379,"PALASPORT 'TALIERCIO' - VENEZIA (VENEZIA)",521,"SSP REYER VENEZIA MESTRE SRL",615,"Fortitudo Pallacanestro Bologna 103 Srl","1° Arbitro,2° Arbitro,3° Arbitro",200
268050,201,29,A1M,1000,Dom,2022-04-10,17:30,467,"SEGAFREDO ARENA - BOLOGNA (BOLOGNA)",16,"VIRTUS PALL. BOLOGNA",272,"PALL.OLIMPIA MILANO SSRL","1° Arbitro,2° Arbitro,3° Arbitro",200
269447,206,29,A1M,1000,Dom,2022-04-10,18:00,383,"VITRIFRIGO ARENA - PESARO (PESARO E URBINO)",256,"US VICTORIA LIBERTAS PALL.SSRL",648,"POL. DINAMO SRL","1° Arbitro,2° Arbitro,3° Arbitro",200
268062,205,29,A1M,1000,Dom,2022-04-10,18:30,161,"PALADOZZA - BOLOGNA (BOLOGNA)",19,"PALL. REGGIANA SRL",520,"PALLACANESTRO TRIESTE 2004 S.R.L.","1° Arbitro,2° Arbitro,3° Arbitro",200
269448,207,29,A1M,1000,Dom,2022-04-10,19:00,370,"ENERXENIA ARENA - VARESE (VARESE)",571,"PALLACANESTRO VARESE SPA",527,"UNIVERSO TREVISO BASKET S.r.l","1° Arbitro,2° Arbitro,3° Arbitro",200
269446,204,29,A1M,1000,Dom,2022-04-10,20:45,376,"PALARADI - CREMONA (CREMONA)",268,"GUERINO VANOLI BASKET SRL",722,"A.S. DIL. POL. DERTHONA BASKET","1° Arbitro,2° Arbitro,3° Arbitro",200
269371,122,29,A1M,1000,Mer,2022-04-13,19:00,375,"MEDIOLANUM FORUM - ASSAGO (MILANO)",272,"PALL.OLIMPIA MILANO SSRL",268,"GUERINO VANOLI BASKET SRL","1° Arbitro,2° Arbitro,3° Arbitro",200
269375,126,29,A1M,1000,Mer,2022-04-13,19:30,370,"ENERXENIA ARENA - VARESE (VARESE)",571,"PALLACANESTRO VARESE SPA",520,"PALLACANESTRO TRIESTE 2004 S.R.L.","1° Arbitro,2° Arbitro,3° Arbitro",200
269372,123,29,A1M,1000,Mer,2022-04-13,20:00,379,"PALASPORT 'TALIERCIO' - VENEZIA (VENEZIA)",521,"SSP REYER VENEZIA MESTRE SRL",632,"NEW BASKET BRINDISI S.P.A.","1° Arbitro,2° Arbitro,3° Arbitro",200
267878,121,29,A1M,1000,Mer,2022-04-13,20:00,467,"SEGAFREDO ARENA - BOLOGNA (BOLOGNA)",16,"VIRTUS PALL. BOLOGNA",267,"AQUILA BASKET TRENTO 2013 SRL","1° Arbitro,2° Arbitro,3° Arbitro",200
269373,124,29,A1M,1000,Mer,2022-04-13,20:30,374,"PALASERRADIMIGNI - SASSARI (SASSARI)",648,"POL. DINAMO SRL",527,"UNIVERSO TREVISO BASKET S.r.l","1° Arbitro,2° Arbitro,3° Arbitro",200
269374,125,29,A1M,1000,Mer,2022-04-13,20:30,383,"VITRIFRIGO ARENA - PESARO (PESARO E URBINO)",256,"US VICTORIA LIBERTAS PALL.SSRL",615,"Fortitudo Pallacanestro Bologna 103 Srl","1° Arbitro,2° Arbitro,3° Arbitro",200
269376,127,29,A1M,1000,Mer,2022-04-13,20:30,420,"PALABARBUTO - NAPOLI (NAPOLI)",719,"S.S. NAPOLIBASKET S.S.D.R.L.",19,"PALL. REGGIANA SRL","1° Arbitro,2° Arbitro,3° Arbitro",200
269377,128,29,A1M,1000,Mer,2022-04-13,20:45,425,"PALAFERRARIS - CASALE MONFERRATO (ALESSANDRIA)",722,"A.S. DIL. POL. DERTHONA BASKET",350,"PALLACANESTRO BRESCIA S.R.L.","1° Arbitro,2° Arbitro,3° Arbitro",200
269452,210,29,A1M,1000,Sab,2022-04-16,12:00,374,"PALASERRADIMIGNI - SASSARI (SASSARI)",648,"POL. DINAMO SRL",521,"SSP REYER VENEZIA MESTRE SRL","1° Arbitro,2° Arbitro,3° Arbitro",200
269450,209,29,A1M,1000,Sab,2022-04-16,17:00,375,"MEDIOLANUM FORUM - ASSAGO (MILANO)",272,"PALL.OLIMPIA MILANO SSRL",719,"S.S. NAPOLIBASKET S.S.D.R.L.","1° Arbitro,2° Arbitro,3° Arbitro",200
269457,216,29,A1M,1000,Sab,2022-04-16,17:30,425,"PALAFERRARIS - CASALE MONFERRATO (ALESSANDRIA)",722,"A.S. DIL. POL. DERTHONA BASKET",571,"PALLACANESTRO VARESE SPA","1° Arbitro,2° Arbitro,3° Arbitro",200
269455,213,29,A1M,1000,Sab,2022-04-16,18:00,382,"PALALEONESSA - BRESCIA (BRESCIA)",350,"PALLACANESTRO BRESCIA S.R.L.",19,"PALL. REGGIANA SRL","1° Arbitro,2° Arbitro,3° Arbitro",200
269454,212,29,A1M,1000,Sab,2022-04-16,19:30,377,"PALARUBINI - ALLIANZ DOME - TRIESTE (TRIESTE)",520,"PALLACANESTRO TRIESTE 2004 S.R.L.",268,"GUERINO VANOLI BASKET SRL","1° Arbitro,2° Arbitro,3° Arbitro",200
269456,215,29,A1M,1000,Sab,2022-04-16,20:00,383,"VITRIFRIGO ARENA - PESARO (PESARO E URBINO)",256,"US VICTORIA LIBERTAS PALL.SSRL",16,"VIRTUS PALL. BOLOGNA","1° Arbitro,2° Arbitro,3° Arbitro",200
268103,214,29,A1M,1000,Sab,2022-04-16,20:30,161,"PALADOZZA - BOLOGNA (BOLOGNA)",615,"Fortitudo Pallacanestro Bologna 103 Srl",267,"AQUILA BASKET TRENTO 2013 SRL","1° Arbitro,2° Arbitro,3° Arbitro",200
269453,211,29,A1M,1000,Sab,2022-04-16,20:45,384,"PALAVERDE - VILLORBA (TREVISO)",527,"UNIVERSO TREVISO BASKET S.r.l",632,"NEW BASKET BRINDISI S.P.A.","1° Arbitro,2° Arbitro,3° Arbitro",200
268117,217,29,A1M,1000,Ven,2022-04-22,21:00,467,"SEGAFREDO ARENA - BOLOGNA (BOLOGNA)",16,"VIRTUS PALL. BOLOGNA",722,"A.S. DIL. POL. DERTHONA BASKET","1° Arbitro,2° Arbitro,3° Arbitro",200
268140,222,29,A1M,1000,Sab,2022-04-23,19:00,401,"UNIPOL ARENA - CASALECCHIO DI RENO (BOLOGNA)",19,"PALL. REGGIANA SRL",272,"PALL.OLIMPIA MILANO SSRL","1° Arbitro,2° Arbitro,3° Arbitro",200
269460,220,29,A1M,1000,Sab,2022-04-23,20:00,381,"BLM Group Arena - TRENTO (TRENTO)",267,"AQUILA BASKET TRENTO 2013 SRL",256,"US VICTORIA LIBERTAS PALL.SSRL","1° Arbitro,2° Arbitro,3° Arbitro",200
269461,221,29,A1M,1000,Dom,2022-04-24,17:00,376,"PALARADI - CREMONA (CREMONA)",268,"GUERINO VANOLI BASKET SRL",350,"PALLACANESTRO BRESCIA S.R.L.","1° Arbitro,2° Arbitro,3° Arbitro",200
269462,223,29,A1M,1000,Dom,2022-04-24,17:30,370,"ENERXENIA ARENA - VARESE (VARESE)",571,"PALLACANESTRO VARESE SPA",615,"Fortitudo Pallacanestro Bologna 103 Srl","1° Arbitro,2° Arbitro,3° Arbitro",200
269458,218,29,A1M,1000,Dom,2022-04-24,18:30,380,"PALASPORT "PENTASSUGLIA" - BRINDISI (BRINDISI)",632,"NEW BASKET BRINDISI S.P.A.",520,"PALLACANESTRO TRIESTE 2004 S.R.L.","1° Arbitro,2° Arbitro,3° Arbitro",200
269459,219,29,A1M,1000,Dom,2022-04-24,20:30,379,"PALASPORT 'TALIERCIO' - VENEZIA (VENEZIA)",521,"SSP REYER VENEZIA MESTRE SRL",527,"UNIVERSO TREVISO BASKET S.r.l","1° Arbitro,2° Arbitro,3° Arbitro",200
269463,224,29,A1M,1000,Dom,2022-04-24,20:45,420,"PALABARBUTO - NAPOLI (NAPOLI)",719,"S.S. NAPOLIBASKET S.S.D.R.L.",648,"POL. DINAMO SRL","1° Arbitro,2° Arbitro,3° Arbitro",200
269466,227,29,A1M,1000,Sab,2022-04-30,20:00,384,"PALAVERDE - VILLORBA (TREVISO)",527,"UNIVERSO TREVISO BASKET S.r.l",16,"VIRTUS PALL. BOLOGNA","1° Arbitro,2° Arbitro,3° Arbitro",200
269464,225,29,A1M,1000,Dom,2022-05-01,17:30,375,"MEDIOLANUM FORUM - ASSAGO (MILANO)",272,"PALL.OLIMPIA MILANO SSRL",632,"NEW BASKET BRINDISI S.P.A.","1° Arbitro,2° Arbitro,3° Arbitro",200
268163,230,29,A1M,1000,Dom,2022-05-01,20:45,161,"PALADOZZA - BOLOGNA (BOLOGNA)",615,"Fortitudo Pallacanestro Bologna 103 Srl",719,"S.S. NAPOLIBASKET S.S.D.R.L.","1° Arbitro,2° Arbitro,3° Arbitro",200
269465,226,29,A1M,1000,Dom,2022-05-01,20:45,374,"PALASERRADIMIGNI - SASSARI (SASSARI)",648,"POL. DINAMO SRL",268,"GUERINO VANOLI BASKET SRL","1° Arbitro,2° Arbitro,3° Arbitro",200
269467,228,29,A1M,1000,Dom,2022-05-01,20:45,381,"BLM Group Arena - TRENTO (TRENTO)",267,"AQUILA BASKET TRENTO 2013 SRL",19,"PALL. REGGIANA SRL","1° Arbitro,2° Arbitro,3° Arbitro",200
269468,229,29,A1M,1000,Dom,2022-05-01,20:45,382,"PALALEONESSA - BRESCIA (BRESCIA)",350,"PALLACANESTRO BRESCIA S.R.L.",571,"PALLACANESTRO VARESE SPA","1° Arbitro,2° Arbitro,3° Arbitro",200
269470,231,29,A1M,1000,Dom,2022-05-01,20:45,383,"VITRIFRIGO ARENA - PESARO (PESARO E URBINO)",256,"US VICTORIA LIBERTAS PALL.SSRL",521,"SSP REYER VENEZIA MESTRE SRL","1° Arbitro,2° Arbitro,3° Arbitro",200
269471,232,29,A1M,1000,Dom,2022-05-01,20:45,425,"PALAFERRARIS - CASALE MONFERRATO (ALESSANDRIA)",722,"A.S. DIL. POL. DERTHONA BASKET",520,"PALLACANESTRO TRIESTE 2004 S.R.L.","1° Arbitro,2° Arbitro,3° Arbitro",200
269380,130,29,A1M,1000,Ven,2022-05-06,20:00,384,"PALAVERDE - VILLORBA (TREVISO)",527,"UNIVERSO TREVISO BASKET S.r.l",272,"PALL.OLIMPIA MILANO SSRL","1° Arbitro,2° Arbitro,3° Arbitro",200
269403,155,29,A1M,1000,Ven,2022-05-06,20:30,374,"PALASERRADIMIGNI - SASSARI (SASSARI)",648,"POL. DINAMO SRL",16,"VIRTUS PALL. BOLOGNA","1° Arbitro,2° Arbitro,3° Arbitro",200
269476,239,29,A1M,1000,Dom,2022-05-08,20:45,370,"ENERXENIA ARENA - VARESE (VARESE)",571,"PALLACANESTRO VARESE SPA",648,"POL. DINAMO SRL","1° Arbitro,2° Arbitro,3° Arbitro",200
269475,237,29,A1M,1000,Dom,2022-05-08,20:45,376,"PALARADI - CREMONA (CREMONA)",268,"GUERINO VANOLI BASKET SRL",267,"AQUILA BASKET TRENTO 2013 SRL","1° Arbitro,2° Arbitro,3° Arbitro",200
269474,236,29,A1M,1000,Dom,2022-05-08,20:45,377,"PALARUBINI - ALLIANZ DOME - TRIESTE (TRIESTE)",520,"PALLACANESTRO TRIESTE 2004 S.R.L.",527,"UNIVERSO TREVISO BASKET S.r.l","1° Arbitro,2° Arbitro,3° Arbitro",200
269473,235,29,A1M,1000,Dom,2022-05-08,20:45,379,"PALASPORT 'TALIERCIO' - VENEZIA (VENEZIA)",521,"SSP REYER VENEZIA MESTRE SRL",272,"PALL.OLIMPIA MILANO SSRL","1° Arbitro,2° Arbitro,3° Arbitro",200
269472,234,29,A1M,1000,Dom,2022-05-08,20:45,380,"PALASPORT "PENTASSUGLIA" - BRINDISI (BRINDISI)",632,"NEW BASKET BRINDISI S.P.A.",722,"A.S. DIL. POL. DERTHONA BASKET","1° Arbitro,2° Arbitro,3° Arbitro",200
268178,238,29,A1M,1000,Dom,2022-05-08,20:45,401,"UNIPOL ARENA - CASALECCHIO DI RENO (BOLOGNA)",19,"PALL. REGGIANA SRL",615,"Fortitudo Pallacanestro Bologna 103 Srl","1° Arbitro,2° Arbitro,3° Arbitro",200
269478,240,29,A1M,1000,Dom,2022-05-08,20:45,420,"PALABARBUTO - NAPOLI (NAPOLI)",719,"S.S. NAPOLIBASKET S.S.D.R.L.",256,"US VICTORIA LIBERTAS PALL.SSRL","1° Arbitro,2° Arbitro,3° Arbitro",200
268170,233,29,A1M,1000,Dom,2022-05-08,20:45,467,"SEGAFREDO ARENA - BOLOGNA (BOLOGNA)",16,"VIRTUS PALL. BOLOGNA",350,"PALLACANESTRO BRESCIA S.R.L.","1° Arbitro,2° Arbitro,3° Arbitro",200
338774,243,29,A1M,1000,Dom,2022-05-15,17:00,375,"MEDIOLANUM FORUM - ASSAGO (MILANO)",272,"PALL.OLIMPIA MILANO SSRL",19,"PALL. REGGIANA SRL","1° Arbitro,2° Arbitro,3° Arbitro",200
338773,242,29,A1M,1000,Dom,2022-05-15,19:00,425,"PALAFERRARIS - CASALE MONFERRATO (ALESSANDRIA)",722,"A.S. DIL. POL. DERTHONA BASKET",521,"SSP REYER VENEZIA MESTRE SRL","1° Arbitro,2° Arbitro,3° Arbitro",200
338772,241,29,A1M,1000,Dom,2022-05-15,21:00,467,"SEGAFREDO ARENA - BOLOGNA (BOLOGNA)",16,"VIRTUS PALL. BOLOGNA",256,"US VICTORIA LIBERTAS PALL.SSRL","1° Arbitro,2° Arbitro,3° Arbitro",200
338775,244,29,A1M,1000,Lun,2022-05-16,20:45,382,"PALALEONESSA - BRESCIA (BRESCIA)",350,"PALLACANESTRO BRESCIA S.R.L.",648,"POL. DINAMO SRL","1° Arbitro,2° Arbitro,3° Arbitro",200
338777,246,29,A1M,1000,Mar,2022-05-17,20:00,425,"PALAFERRARIS - CASALE MONFERRATO (ALESSANDRIA)",722,"A.S. DIL. POL. DERTHONA BASKET",521,"SSP REYER VENEZIA MESTRE SRL","1° Arbitro,2° Arbitro,3° Arbitro",200
338776,245,29,A1M,1000,Mar,2022-05-17,20:30,467,"SEGAFREDO ARENA - BOLOGNA (BOLOGNA)",16,"VIRTUS PALL. BOLOGNA",256,"US VICTORIA LIBERTAS PALL.SSRL","1° Arbitro,2° Arbitro,3° Arbitro",200
338778,247,29,A1M,1000,Mar,2022-05-17,20:45,375,"MEDIOLANUM FORUM - ASSAGO (MILANO)",272,"PALL.OLIMPIA MILANO SSRL",19,"PALL. REGGIANA SRL","1° Arbitro,2° Arbitro,3° Arbitro",200
338779,248,29,A1M,1000,Mer,2022-05-18,20:30,382,"PALALEONESSA - BRESCIA (BRESCIA)",350,"PALLACANESTRO BRESCIA S.R.L.",648,"POL. DINAMO SRL","1° Arbitro,2° Arbitro,3° Arbitro",200
338781,250,29,A1M,1000,Gio,2022-05-19,20:00,379,"PALASPORT 'TALIERCIO' - VENEZIA (VENEZIA)",521,"SSP REYER VENEZIA MESTRE SRL",722,"A.S. DIL. POL. DERTHONA BASKET","1° Arbitro,2° Arbitro,3° Arbitro",200
338782,251,29,A1M,1000,Gio,2022-05-19,20:30,401,"UNIPOL ARENA - CASALECCHIO DI RENO (BOLOGNA)",19,"PALL. REGGIANA SRL",272,"PALL.OLIMPIA MILANO SSRL","1° Arbitro,2° Arbitro,3° Arbitro",200
338780,249,29,A1M,1000,Gio,2022-05-19,20:45,383,"VITRIFRIGO ARENA - PESARO (PESARO E URBINO)",256,"US VICTORIA LIBERTAS PALL.SSRL",16,"VIRTUS PALL. BOLOGNA","1° Arbitro,2° Arbitro,3° Arbitro",200
338783,252,29,A1M,1000,Ven,2022-05-20,20:45,374,"PALASERRADIMIGNI - SASSARI (SASSARI)",648,"POL. DINAMO SRL",350,"PALLACANESTRO BRESCIA S.R.L.","1° Arbitro,2° Arbitro,3° Arbitro",200
338785,254,29,A1M,1000,Sab,2022-05-21,20:30,379,"PALASPORT 'TALIERCIO' - VENEZIA (VENEZIA)",521,"SSP REYER VENEZIA MESTRE SRL",722,"A.S. DIL. POL. DERTHONA BASKET","1° Arbitro,2° Arbitro,3° Arbitro",200
338784,253,29,A1M,1000,Sab,2022-05-21,20:30,383,"VITRIFRIGO ARENA - PESARO (PESARO E URBINO)",256,"US VICTORIA LIBERTAS PALL.SSRL",16,"VIRTUS PALL. BOLOGNA","1° Arbitro,2° Arbitro,3° Arbitro",200
338786,255,29,A1M,1000,Sab,2022-05-21,20:30,401,"UNIPOL ARENA - CASALECCHIO DI RENO (BOLOGNA)",19,"PALL. REGGIANA SRL",272,"PALL.OLIMPIA MILANO SSRL","1° Arbitro,2° Arbitro,3° Arbitro",200
338787,256,29,A1M,1000,Dom,2022-05-22,20:30,374,"PALASERRADIMIGNI - SASSARI (SASSARI)",648,"POL. DINAMO SRL",350,"PALLACANESTRO BRESCIA S.R.L.","1° Arbitro,2° Arbitro,3° Arbitro",200
338789,258,29,A1M,1000,Lun,2022-05-23,20:30,425,"PALAFERRARIS - CASALE MONFERRATO (ALESSANDRIA)",722,"A.S. DIL. POL. DERTHONA BASKET",521,"SSP REYER VENEZIA MESTRE SRL","1° Arbitro,2° Arbitro,3° Arbitro",200
338788,257,29,A1M,1000,Lun,2022-05-23,20:30,467,"SEGAFREDO ARENA - BOLOGNA (BOLOGNA)",16,"VIRTUS PALL. BOLOGNA",256,"US VICTORIA LIBERTAS PALL.SSRL","1° Arbitro,2° Arbitro,3° Arbitro",200
338790,259,29,A1M,1000,Mar,2022-05-24,20:30,375,"MEDIOLANUM FORUM - ASSAGO (MILANO)",272,"PALL.OLIMPIA MILANO SSRL",19,"PALL. REGGIANA SRL","1° Arbitro,2° Arbitro,3° Arbitro",200
338791,260,29,A1M,1000,Mar,2022-05-24,20:30,382,"PALALEONESSA - BRESCIA (BRESCIA)",350,"PALLACANESTRO BRESCIA S.R.L.",648,"POL. DINAMO SRL","1° Arbitro,2° Arbitro,3° Arbitro",200
